{
    "admin": [
        {
            "id": "Test",
            "password": "5fab95ed65dedc23fb1a01f8a718912e1de27618e40bd5bed9457b92938e8e8a"
        },
        {
            "id": "Rudy",
            "password": "f4e0ea22215bf84fc7df3568d1809f50eb273d4534547e4c562d4e975915d5dc"
        },
        {
            "id": "James",
            "password": "61949aa9214c541a21bbc0e2f4feea0e652ee60e3ea5c937258f3ee0acf9ed7a"
        },
        {
            "id": "Tyrone",
            "password": "4aa661a9d2906079a04cd1ad0c38ba617e7e28172c61950bdcfe3956b2c8f816"
        }
    ]
}